firstName,lastName,agreementPeriod,startdate,email,company,street,area,city,state,zip,country
shivank,Gupta,10,2019-01-25,shivankguptafzd@gamil.com,My Association,st1,ar1,c1,state1,203001,country1
shivank,Gupta,10,2019-01-25,shivankguptafzd@gamil.com,axelor technologies,st1,ar1,c1,state1,203001,country1
shivank,Gupta,10,2019-01-25,shivankguptafzd@gamil.com,hexaView,st1,ar1,c1,state1,203001,country1
shivank,Gupta,10,2019-01-25,shivankguptafzd@gamil.com,valueMomentumn,st1,ar1,c1,state1,203001,country1
shivank,Gupta,10,2019-01-25,shivankguptafzd@gamil.com,infoObjects,st1,suhagnagar,agra,up,203001,country1
shivank,Gupta,10,2019-01-25,shivankguptafzd@gamil.com,ABCAssociations,noida,sec27,noida,up,500000,columbia
Sajal,gupta,5,2018-12-19,sajalguptafzd@gmail.com,My Association,rp singh,jainnagar,fzd,UP,233203,india
Sajal,gupta,5,2018-12-19,sajalguptafzd@gmail.com,axelor technologies,rp singh,jainnagar,fzd,UP,233203,india
Sajal,gupta,5,2018-12-19,sajalguptafzd@gmail.com,hexaView,rp singh,jainnagar,fzd,UP,233203,india
Sajal,gupta,5,2018-12-19,sajalguptafzd@gmail.com,valueMomentumn,rp singh,jainnagar,fzd,UP,233203,india
